Ref,Val,Package,PosX,PosY,Rot,Side
"C1","100nF","C_0603_1608Metric",27.300000,-31.000000,90.000000,top
"C2","4.7nF","C_0603_1608Metric",25.300000,-29.700000,90.000000,top
"C3","1nF","C_0603_1608Metric",16.000000,-34.000000,90.000000,top
"C4","10nF","C_0603_1608Metric",14.000000,-35.500000,90.000000,top
"C5","10nF","C_0603_1608Metric",12.000000,-40.500000,90.000000,top
"C6","10nF","C_0603_1608Metric",13.000000,-45.500000,0.000000,top
"C7","10nF","C_0603_1608Metric",15.500000,-49.500000,0.000000,top
"C8","10nF","C_0603_1608Metric",19.000000,-31.500000,90.000000,top
"C9","1nF","C_0603_1608Metric",17.000000,-30.500000,90.000000,top
"C10","10nF","C_0603_1608Metric",21.000000,-28.000000,0.000000,top
"C11","1nF","C_0603_1608Metric",15.000000,-30.500000,90.000000,top
"C12","10nF","C_0603_1608Metric",17.500000,-27.500000,0.000000,top
"C13","100nF","C_0603_1608Metric",16.000000,-37.500000,90.000000,top
"C14","100nF","C_0603_1608Metric",16.000000,-41.000000,90.000000,top
"C15","100nF","C_0603_1608Metric",14.000000,-39.000000,90.000000,top
"C16","100nF","C_0603_1608Metric",16.000000,-44.500000,90.000000,top
"C17","100nF","C_0603_1608Metric",14.000000,-42.500000,90.000000,top
"C18","100nF","C_0603_1608Metric",15.500000,-47.500000,0.000000,top
"C19","100nF","C_0603_1608Metric",18.600000,-51.450000,180.000000,top
"C20","100nF","C_0603_1608Metric",26.100000,-52.150000,-90.000000,top
"C21","100nF","C_0603_1608Metric",27.600000,-52.150000,-90.000000,top
"C22","100nF","C_0603_1608Metric",35.800000,-49.600000,90.000000,top
"C23","100nF","C_0603_1608Metric",36.000000,-40.500000,90.000000,top
"C24","100nF","C_0603_1608Metric",36.000000,-37.000000,90.000000,top
"C25","100nF","C_0603_1608Metric",29.500000,-31.500000,90.000000,top
"C26","100nF","C_0603_1608Metric",27.900000,-28.500000,180.000000,top
"C27","100nF","C_0603_1608Metric",22.000000,-32.000000,0.000000,top
"C28","100nF","C_0603_1608Metric",22.000000,-30.000000,0.000000,top
"C29","100nF","C_0603_1608Metric",57.200000,-36.300000,180.000000,top
"C30","100nF","C_0603_1608Metric",43.000000,-46.000000,-90.000000,top
"C31","100nF","C_0603_1608Metric",57.600000,-47.200000,0.000000,top
"C32","100nF","C_0603_1608Metric",43.000000,-37.350000,-90.000000,top
"C33","100nF","C_0603_1608Metric",57.200000,-54.800000,0.000000,top
"C34","100nF","C_0603_1608Metric",45.400000,-49.150000,-90.000000,top
"C35","100nF","C_0603_1608Metric",44.400000,-33.200000,180.000000,top
"C36","100nF","C_0603_1608Metric",44.400000,-35.000000,180.000000,top
"C37","100nF","C_0603_1608Metric",70.500000,-57.600000,0.000000,top
"C38","100nF","C_0603_1608Metric",41.000000,-45.500000,-90.000000,top
"C39","100nF","C_0603_1608Metric",60.400000,-54.800000,0.000000,top
"C40","4.7uF","C_0805_2012Metric",44.400000,-31.300000,180.000000,top
"C41","4.7uF","C_0805_2012Metric",59.200000,-52.600000,0.000000,top
"C42","100nF","C_0402_1005Metric",77.350000,-48.120000,-90.000000,top
"C43","100nF","C_0603_1608Metric",78.000000,-35.500000,0.000000,top
"C44","100nF","C_0603_1608Metric",66.900000,-46.550000,180.000000,top
"C45","100nF","C_0603_1608Metric",80.500000,-42.500000,90.000000,top
"C46","100nF","C_0603_1608Metric",81.000000,-39.500000,0.000000,top
"C47","10uF","C_0805_2012Metric",80.000000,-49.000000,0.000000,top
"C48","100nF","C_0603_1608Metric",12.000000,-33.500000,90.000000,top
"C49","100nF","C_0603_1608Metric",12.000000,-49.500000,0.000000,top
"C50","100nF","C_0603_1608Metric",15.500000,-51.500000,0.000000,top
"C51","100nF","C_0603_1608Metric",20.500000,-58.000000,90.000000,top
"C52","100nF","C_0603_1608Metric",84.400000,-59.000000,180.000000,top
"C53","100nF","C_0603_1608Metric",18.500000,-55.500000,90.000000,top
"C54","10uF","C_0805_2012Metric",53.000000,-82.000000,0.000000,top
"C55","10uF 10V","C_0805_2012Metric",21.500000,-72.750000,180.000000,top
"C56","22uF 10V","C_0805_2012Metric",34.000000,-72.750000,0.000000,top
"C57","10uF 10V","C_0805_2012Metric",44.000000,-72.750000,180.000000,top
"C58","22uF 10V","C_0805_2012Metric",56.500000,-72.750000,0.000000,top
"C59","10uF 10V","C_0805_2012Metric",66.000000,-72.750000,180.000000,top
"C60","22uF 10V","C_0805_2012Metric",79.000000,-72.750000,0.000000,top
"C61","100nF","C_0603_1608Metric",39.000000,-24.000000,0.000000,top
"C62","4.7uF","C_0805_2012Metric",14.000000,-27.000000,0.000000,top
"C63","100nF","C_0603_1608Metric",21.000000,-26.000000,0.000000,top
"C64","4.7uF","C_0805_2012Metric",12.000000,-64.000000,0.000000,top
"C65","100nF","C_0603_1608Metric",15.200000,-64.000000,0.000000,top
"C66","4.7uF","C_0805_2012Metric",31.500000,-28.500000,0.000000,top
"C67","100nF","C_0603_1608Metric",28.500000,-26.000000,0.000000,top
"C68","4.7uF","C_0805_2012Metric",80.000000,-51.500000,0.000000,top
"C69","100nF","C_0603_1608Metric",76.500000,-52.500000,0.000000,top
"C70","100nF","C_0402_1005Metric",56.950000,-42.050000,0.000000,top
"C71","100nF","C_0402_1005Metric",54.750000,-35.905000,0.000000,top
"C72","100nF","C_0402_1005Metric",36.550000,-34.500000,90.000000,top
"C73","100nF","C_0402_1005Metric",41.000000,-34.000000,90.000000,top
"F1","1A hold - select","Fuse_1206_3216Metric",47.500000,-82.000000,0.000000,top
"FB1","220R@100MHz","L_0603_1608Metric",13.000000,-30.000000,90.000000,top
"FB2","220R@100MHz","L_0603_1608Metric",15.500000,-53.500000,0.000000,top
"FB3","220R@100MHz","L_0603_1608Metric",33.000000,-31.500000,90.000000,top
"FB4","220R@100MHz","L_0603_1608Metric",76.500000,-50.500000,0.000000,top
"J1","33DSMT1-E15SNCT","DE15_Conec_33DSMT1-E15SNCT",5.000000,-42.000000,-90.000000,top
"J2","33DSMT1-E15SNCT","DE15_Conec_33DSMT1-E15SNCT",90.000000,-42.000000,90.000000,top
"J3","TYPE-C-31-M-12","USB_C_Receptacle_HRO_TYPE-C-31-M-12",47.500000,-91.350000,0.000000,top
"J4","JTAG 2x05 2.54mm","PinHeader_2x05_P2.54mm_Vertical_SMD",47.500000,-10.000000,90.000000,top
"L1","2.2uH","L_TDK_VLS4012CX",29.500000,-72.750000,0.000000,top
"L2","2.2uH","L_TDK_VLS4012CX",52.000000,-72.750000,0.000000,top
"L3","2.2uH","L_TDK_VLS4012CX",74.500000,-72.750000,0.000000,top
"R1","1.5k","R_0603_1608Metric",25.300000,-26.000000,180.000000,top
"R2","4.7k","R_0603_1608Metric",55.300000,-49.300000,-90.000000,top
"R3","4.7k","R_0603_1608Metric",55.300000,-52.300000,-90.000000,top
"R4","4.7k","R_0603_1608Metric",42.400000,-17.600000,90.000000,top
"R5","4.7k","R_0603_1608Metric",48.750000,-18.300000,90.000000,top
"R6","4.7k","R_0603_1608Metric",46.210000,-18.300000,90.000000,top
"R7","4.7k","R_0603_1608Metric",51.290000,-18.300000,90.000000,top
"R8","4.7k","R_0603_1608Metric",56.350000,-18.300000,90.000000,top
"R9","4.7k","R_0603_1608Metric",39.900000,-16.600000,90.000000,top
"R10","536R 0.1%","R_0603_1608Metric",75.700000,-33.800000,90.000000,top
"R11","75R 0.1%","R_0603_1608Metric",81.000000,-37.500000,0.000000,top
"R12","75R 0.1%","R_0603_1608Metric",82.500000,-42.500000,90.000000,top
"R13","75R 0.1%","R_0603_1608Metric",80.500000,-46.000000,90.000000,top
"R14","10k","R_0603_1608Metric",66.900000,-45.050000,0.000000,top
"R15","75R 0.1%","R_0603_1608Metric",11.500000,-37.000000,90.000000,top
"R16","75R 0.1%","R_0603_1608Metric",12.000000,-47.500000,0.000000,top
"R17","75R 0.1%","R_0603_1608Metric",12.000000,-51.500000,0.000000,top
"R18","33R","R_0603_1608Metric",12.000000,-53.500000,0.000000,top
"R19","100k","R_0603_1608Metric",14.500000,-56.000000,0.000000,top
"R20","33R","R_0603_1608Metric",11.500000,-56.500000,90.000000,top
"R21","100k","R_0603_1608Metric",13.500000,-59.000000,90.000000,top
"R22","33R","R_0603_1608Metric",83.500000,-48.000000,90.000000,top
"R23","33R","R_0603_1608Metric",83.500000,-51.500000,90.000000,top
"R24","22R","R_0603_1608Metric",72.600000,-51.600000,0.000000,top
"R25","5.1k 1%","R_0603_1608Metric",41.000000,-84.800000,180.000000,top
"R26","5.1k 1%","R_0603_1608Metric",54.500000,-84.800000,0.000000,top
"R27","312k 0.1%","R_0603_1608Metric",28.000000,-76.000000,180.000000,top
"R28","100k 0.1%","R_0603_1608Metric",25.000000,-76.000000,180.000000,top
"R29","137k 0.1%","R_0603_1608Metric",50.500000,-76.000000,180.000000,top
"R30","100k 0.1%","R_0603_1608Metric",47.500000,-76.000000,180.000000,top
"R31","49.9k 0.1%","R_0603_1608Metric",73.000000,-76.000000,180.000000,top
"R32","100k 0.1%","R_0603_1608Metric",70.000000,-76.000000,180.000000,top
"R33","10k","R_0603_1608Metric",38.000000,-77.800000,0.000000,top
"R34","10k","R_0603_1608Metric",61.000000,-64.500000,0.000000,top
"R35","100k","R_0603_1608Metric",38.000000,-84.000000,0.000000,top
"R36","22R","R_0603_1608Metric",38.500000,-34.000000,0.000000,top
"R37","2.2k","R_0402_1005Metric",39.100000,-37.550000,90.000000,top
"R38","2.2k","R_0402_1005Metric",40.050000,-37.050000,90.000000,top
"R39","10k","R_0402_1005Metric",38.150000,-37.850000,90.000000,top
"R40","10k","R_0402_1005Metric",37.200000,-37.700000,90.000000,top
"R41","10k","R_0603_1608Metric",76.050000,-54.000000,180.000000,top
"R42","10k","R_0603_1608Metric",78.300000,-56.050000,-90.000000,top
"R43","10k","R_0603_1608Metric",57.000000,-49.500000,90.000000,top
"R44","4.7k","R_0603_1608Metric",62.400000,-36.950000,180.000000,top
"U1","TVP7002PZP","TQFP-100_TVP7002_14x14_P0.5_EP6.2",26.000000,-42.000000,0.000000,top
"U2","GW1N-LV4QN88C6/I5","QFN-88_GW1N4_10x10_P0.4_EP6.8",50.000000,-42.000000,180.000000,top
"U3","ADV7125KSTZ140","LQFP-48_7x7mm_P0.5mm",74.000000,-42.000000,0.000000,top
"U4","SN74LVC2G17DBVR","SOT-23-6",17.000000,-59.000000,0.000000,top
"U5","SN74LVC2G17DBVR","SOT-23-6",82.000000,-55.000000,0.000000,top
"U6","SN74LVC1G17DBVR","SOT-23-5",67.000000,-54.000000,0.000000,top
"U7","TPS62160DSGR","WSON-8-1EP_2x2mm_P0.5mm_EP0.9x1.6mm",25.000000,-73.000000,0.000000,top
"U8","TPS62160DSGR","WSON-8-1EP_2x2mm_P0.5mm_EP0.9x1.6mm",47.500000,-73.000000,0.000000,top
"U9","TPS62160DSGR","WSON-8-1EP_2x2mm_P0.5mm_EP0.9x1.6mm",70.000000,-73.000000,0.000000,top
"Y1","27MHz OT2EL4C4JI-111OLP-27M","OSC_ECS-3225MVLC_3.2x2.5",40.000000,-27.000000,0.000000,top
