Designator,Mid X,Mid Y,Layer,Rotation
C1,27.300000mm,-31.000000mm,Top,90.000000
C2,25.300000mm,-29.700000mm,Top,90.000000
C3,16.000000mm,-34.000000mm,Top,90.000000
C4,14.000000mm,-35.500000mm,Top,90.000000
C5,12.000000mm,-40.500000mm,Top,90.000000
C6,13.000000mm,-45.500000mm,Top,0.000000
C7,15.500000mm,-49.500000mm,Top,0.000000
C8,19.000000mm,-31.500000mm,Top,90.000000
C9,17.000000mm,-30.500000mm,Top,90.000000
C10,21.000000mm,-28.000000mm,Top,0.000000
C11,15.000000mm,-30.500000mm,Top,90.000000
C12,17.500000mm,-27.500000mm,Top,0.000000
C13,16.000000mm,-37.500000mm,Top,90.000000
C14,16.000000mm,-41.000000mm,Top,90.000000
C15,14.000000mm,-39.000000mm,Top,90.000000
C16,16.000000mm,-44.500000mm,Top,90.000000
C17,14.000000mm,-42.500000mm,Top,90.000000
C18,15.500000mm,-47.500000mm,Top,0.000000
C19,18.600000mm,-51.450000mm,Top,180.000000
C20,26.100000mm,-52.150000mm,Top,-90.000000
C21,27.600000mm,-52.150000mm,Top,-90.000000
C22,35.800000mm,-49.600000mm,Top,90.000000
C23,36.000000mm,-40.500000mm,Top,90.000000
C24,36.000000mm,-37.000000mm,Top,90.000000
C25,29.500000mm,-31.500000mm,Top,90.000000
C26,27.900000mm,-28.500000mm,Top,180.000000
C27,22.000000mm,-32.000000mm,Top,0.000000
C28,22.000000mm,-30.000000mm,Top,0.000000
C29,57.200000mm,-36.300000mm,Top,180.000000
C30,43.000000mm,-46.000000mm,Top,-90.000000
C31,57.600000mm,-47.200000mm,Top,0.000000
C32,43.000000mm,-37.350000mm,Top,-90.000000
C33,57.200000mm,-54.800000mm,Top,0.000000
C34,45.400000mm,-49.150000mm,Top,-90.000000
C35,44.400000mm,-33.200000mm,Top,180.000000
C36,44.400000mm,-35.000000mm,Top,180.000000
C37,70.500000mm,-57.600000mm,Top,0.000000
C38,41.000000mm,-45.500000mm,Top,-90.000000
C39,60.400000mm,-54.800000mm,Top,0.000000
C40,44.400000mm,-31.300000mm,Top,180.000000
C41,59.200000mm,-52.600000mm,Top,0.000000
C42,77.350000mm,-48.120000mm,Top,-90.000000
C43,78.000000mm,-35.500000mm,Top,0.000000
C44,66.900000mm,-46.550000mm,Top,180.000000
C45,80.500000mm,-42.500000mm,Top,90.000000
C46,81.000000mm,-39.500000mm,Top,0.000000
C47,80.000000mm,-49.000000mm,Top,0.000000
C48,12.000000mm,-33.500000mm,Top,90.000000
C49,12.000000mm,-49.500000mm,Top,0.000000
C50,15.500000mm,-51.500000mm,Top,0.000000
C51,20.500000mm,-58.000000mm,Top,90.000000
C52,84.400000mm,-59.000000mm,Top,180.000000
C53,18.500000mm,-55.500000mm,Top,90.000000
C54,53.000000mm,-82.000000mm,Top,0.000000
C55,21.500000mm,-72.750000mm,Top,180.000000
C56,34.000000mm,-72.750000mm,Top,0.000000
C57,44.000000mm,-72.750000mm,Top,180.000000
C58,56.500000mm,-72.750000mm,Top,0.000000
C59,66.000000mm,-72.750000mm,Top,180.000000
C60,79.000000mm,-72.750000mm,Top,0.000000
C61,39.000000mm,-24.000000mm,Top,0.000000
C62,14.000000mm,-27.000000mm,Top,0.000000
C63,21.000000mm,-26.000000mm,Top,0.000000
C64,12.000000mm,-64.000000mm,Top,0.000000
C65,15.200000mm,-64.000000mm,Top,0.000000
C66,31.500000mm,-28.500000mm,Top,0.000000
C67,28.500000mm,-26.000000mm,Top,0.000000
C68,80.000000mm,-51.500000mm,Top,0.000000
C69,76.500000mm,-52.500000mm,Top,0.000000
C70,56.950000mm,-42.050000mm,Top,0.000000
C71,54.750000mm,-35.905000mm,Top,0.000000
C72,36.550000mm,-34.500000mm,Top,90.000000
C73,41.000000mm,-34.000000mm,Top,90.000000
F1,47.500000mm,-82.000000mm,Top,0.000000
FB1,13.000000mm,-30.000000mm,Top,90.000000
FB2,15.500000mm,-53.500000mm,Top,0.000000
FB3,33.000000mm,-31.500000mm,Top,90.000000
FB4,76.500000mm,-50.500000mm,Top,0.000000
J1,5.000000mm,-42.000000mm,Top,-90.000000
J2,90.000000mm,-42.000000mm,Top,90.000000
J3,47.500000mm,-91.350000mm,Top,0.000000
J4,47.500000mm,-10.000000mm,Top,90.000000
L1,29.500000mm,-72.750000mm,Top,0.000000
L2,52.000000mm,-72.750000mm,Top,0.000000
L3,74.500000mm,-72.750000mm,Top,0.000000
R1,25.300000mm,-26.000000mm,Top,180.000000
R2,55.300000mm,-49.300000mm,Top,-90.000000
R3,55.300000mm,-52.300000mm,Top,-90.000000
R4,42.400000mm,-17.600000mm,Top,90.000000
R5,48.750000mm,-18.300000mm,Top,90.000000
R6,46.210000mm,-18.300000mm,Top,90.000000
R7,51.290000mm,-18.300000mm,Top,90.000000
R8,56.350000mm,-18.300000mm,Top,90.000000
R9,39.900000mm,-16.600000mm,Top,90.000000
R10,75.700000mm,-33.800000mm,Top,90.000000
R11,81.000000mm,-37.500000mm,Top,0.000000
R12,82.500000mm,-42.500000mm,Top,90.000000
R13,80.500000mm,-46.000000mm,Top,90.000000
R14,66.900000mm,-45.050000mm,Top,0.000000
R15,11.500000mm,-37.000000mm,Top,90.000000
R16,12.000000mm,-47.500000mm,Top,0.000000
R17,12.000000mm,-51.500000mm,Top,0.000000
R18,12.000000mm,-53.500000mm,Top,0.000000
R19,14.500000mm,-56.000000mm,Top,0.000000
R20,11.500000mm,-56.500000mm,Top,90.000000
R21,13.500000mm,-59.000000mm,Top,90.000000
R22,83.500000mm,-48.000000mm,Top,90.000000
R23,83.500000mm,-51.500000mm,Top,90.000000
R24,72.600000mm,-51.600000mm,Top,0.000000
R25,41.000000mm,-84.800000mm,Top,180.000000
R26,54.500000mm,-84.800000mm,Top,0.000000
R27,28.000000mm,-76.000000mm,Top,180.000000
R28,25.000000mm,-76.000000mm,Top,180.000000
R29,50.500000mm,-76.000000mm,Top,180.000000
R30,47.500000mm,-76.000000mm,Top,180.000000
R31,73.000000mm,-76.000000mm,Top,180.000000
R32,70.000000mm,-76.000000mm,Top,180.000000
R33,38.000000mm,-77.800000mm,Top,0.000000
R34,61.000000mm,-64.500000mm,Top,0.000000
R35,38.000000mm,-84.000000mm,Top,0.000000
R36,38.500000mm,-34.000000mm,Top,0.000000
R37,39.100000mm,-37.550000mm,Top,90.000000
R38,40.050000mm,-37.050000mm,Top,90.000000
R39,38.150000mm,-37.850000mm,Top,90.000000
R40,37.200000mm,-37.700000mm,Top,90.000000
R41,76.050000mm,-54.000000mm,Top,180.000000
R42,78.300000mm,-56.050000mm,Top,-90.000000
R43,57.000000mm,-49.500000mm,Top,90.000000
R44,62.400000mm,-36.950000mm,Top,180.000000
U1,26.000000mm,-42.000000mm,Top,0.000000
U2,50.000000mm,-42.000000mm,Top,180.000000
U3,74.000000mm,-42.000000mm,Top,0.000000
U4,17.000000mm,-59.000000mm,Top,0.000000
U5,82.000000mm,-55.000000mm,Top,0.000000
U6,67.000000mm,-54.000000mm,Top,0.000000
U7,25.000000mm,-73.000000mm,Top,0.000000
U8,47.500000mm,-73.000000mm,Top,0.000000
U9,70.000000mm,-73.000000mm,Top,0.000000
Y1,40.000000mm,-27.000000mm,Top,0.000000
