Comment,Designator,Footprint,LCSC Part #,MPN
100nF,"C1,C13,C14,C15,C16,C17,C18,C19,C20,C21,C22,C23,C24,C25,C26,C27,C28,C29,C30,C31,C32,C33,C34,C35,C36,C37,C38,C39,C43,C44,C45,C46,C48,C49,C50,C51,C52,C53,C61,C63,C65,C67,C69",C_0603_1608Metric,,100nF
4.7nF,C2,C_0603_1608Metric,,4.7nF
1nF,"C3,C9,C11",C_0603_1608Metric,,1nF
10nF,"C4,C5,C6,C7,C8,C10,C12",C_0603_1608Metric,,10nF
4.7uF,"C40,C41,C62,C64,C66,C68",C_0805_2012Metric,,4.7uF
100nF,"C42,C70,C71,C72,C73",C_0402_1005Metric,,100nF
10uF,"C47,C54",C_0805_2012Metric,,10uF
10uF 10V,"C55,C57,C59",C_0805_2012Metric,,10uF 10V
22uF 10V,"C56,C58,C60",C_0805_2012Metric,,22uF 10V
1A hold - select,F1,Fuse_1206_3216Metric,,1A hold - select
220R@100MHz,"FB1,FB2,FB3,FB4",L_0603_1608Metric,,220R@100MHz
33DSMT1-E15SNCT,"J1,J2",DE15_Conec_33DSMT1-E15SNCT,,33DSMT1-E15SNCT
TYPE-C-31-M-12,J3,USB_C_Receptacle_HRO_TYPE-C-31-M-12,C165948,TYPE-C-31-M-12
JTAG 2x05 2.54mm,J4,PinHeader_2x05_P2.54mm_Vertical_SMD,,JTAG 2x05 2.54mm
2.2uH,"L1,L2,L3",L_TDK_VLS4012CX,C7413169,VLS4012CX-2R2M-1
1.5k,R1,R_0603_1608Metric,,1.5k
4.7k,"R2,R3,R4,R5,R6,R7,R8,R9,R44",R_0603_1608Metric,,4.7k
536R 0.1%,R10,R_0603_1608Metric,,536R 0.1%
75R 0.1%,"R11,R12,R13,R15,R16,R17",R_0603_1608Metric,,75R 0.1%
10k,"R14,R33,R34,R41,R42,R43",R_0603_1608Metric,,10k
33R,"R18,R20,R22,R23",R_0603_1608Metric,,33R
100k,"R19,R21,R35",R_0603_1608Metric,,100k
22R,"R24,R36",R_0603_1608Metric,,22R
5.1k 1%,"R25,R26",R_0603_1608Metric,,5.1k 1%
312k 0.1%,R27,R_0603_1608Metric,,312k 0.1%
100k 0.1%,"R28,R30,R32",R_0603_1608Metric,,100k 0.1%
137k 0.1%,R29,R_0603_1608Metric,,137k 0.1%
49.9k 0.1%,R31,R_0603_1608Metric,,49.9k 0.1%
2.2k,"R37,R38",R_0402_1005Metric,,2.2k
10k,"R39,R40",R_0402_1005Metric,,10k
TVP7002PZP,U1,TQFP-100_TVP7002_14x14_P0.5_EP6.2,C3824085,TVP7002PZP
GW1N-LV4QN88C6/I5,U2,QFN-88_GW1N4_10x10_P0.4_EP6.8,C31900351,GW1N-LV4QN88C6/I5
ADV7125KSTZ140,U3,LQFP-48_7x7mm_P0.5mm,C9668,ADV7125KSTZ140
SN74LVC2G17DBVR,"U4,U5",SOT-23-6,,SN74LVC2G17DBVR
SN74LVC1G17DBVR,U6,SOT-23-5,,SN74LVC1G17DBVR
TPS62160DSGR,"U7,U8,U9",WSON-8-1EP_2x2mm_P0.5mm_EP0.9x1.6mm,,TPS62160DSGR
27MHz ECS-3225MVLC,Y1,OSC_ECS-3225MVLC_3.2x2.5,,ECS-3225MVLC-270-CN-TR
