Designators,Qty,Value,Footprint,Requirement (derived from nets),LCSC (already in manifest)
U1,1,TVP7002PZP,TQFP-100_TVP7002_14x14_P0.5_EP6.2,exact part: TVP7002PZP,C3824085
C1,1,100nF,C_0603_1608Metric,"MLCC C0G/NP0 preferred for <=10nF, else X7R; rated >=16V (signal: PLL_FILT1/PLL_RC)",
R1,1,1.5k,R_0603_1608Metric,thick film 1% or better,
C2,1,4.7nF,C_0603_1608Metric,"MLCC C0G/NP0 preferred for <=10nF, else X7R; rated >=16V (signal: PLL_F/PLL_FILT2)",
C3,1,1nF,C_0603_1608Metric,"MLCC C0G/NP0 preferred for <=10nF, else X7R; rated >=16V (signal: SOGIN_1)",
C4,1,10nF,C_0603_1608Metric,"MLCC C0G/NP0 preferred for <=10nF, else X7R; rated >=16V (signal: RIN_3)",
C5,1,10nF,C_0603_1608Metric,"MLCC C0G/NP0 preferred for <=10nF, else X7R; rated >=16V (signal: RIN_2)",
C6,1,10nF,C_0603_1608Metric,"MLCC C0G/NP0 preferred for <=10nF, else X7R; rated >=16V (signal: BIN_3)",
C7,1,10nF,C_0603_1608Metric,"MLCC C0G/NP0 preferred for <=10nF, else X7R; rated >=16V (signal: BIN_2)",
C8,1,10nF,C_0603_1608Metric,"MLCC C0G/NP0 preferred for <=10nF, else X7R; rated >=16V (signal: GIN_4)",
C9,1,1nF,C_0603_1608Metric,"MLCC C0G/NP0 preferred for <=10nF, else X7R; rated >=16V (signal: SOGIN_3)",
C10,1,10nF,C_0603_1608Metric,"MLCC C0G/NP0 preferred for <=10nF, else X7R; rated >=16V (signal: GIN_3)",
C11,1,1nF,C_0603_1608Metric,"MLCC C0G/NP0 preferred for <=10nF, else X7R; rated >=16V (signal: SOGIN_2)",
C12,1,10nF,C_0603_1608Metric,"MLCC C0G/NP0 preferred for <=10nF, else X7R; rated >=16V (signal: GIN_2)",
"C13,C14,C15,C18,C20,C24,C25,C26,C65,C67",10,100nF,C_0603_1608Metric,"MLCC X5R/X7R, rated >=6.3V (1.9V rail)",
"C16,C17,C19,C21,C22,C23,C27,C28,C33,C34,C35,C36,C37,C38,C39,C44,C45,C46,C51,C52,C53,C61,C63,C69",24,100nF,C_0603_1608Metric,"MLCC X5R/X7R, rated >=10V (3.3V rail)",
U2,1,GW1N-LV4QN88C6/I5,QFN-88_GW1N4_10x10_P0.4_EP6.8,exact part: GW1N-LV4QN88C6/I5,C31900351
"R2,R3,R4,R5,R6,R7,R8,R9,R44",9,4.7k,R_0603_1608Metric,thick film 1% or better,
"C29,C30,C31,C32",4,100nF,C_0603_1608Metric,"MLCC X5R/X7R, rated >=6.3V (1.2V rail)",
"C40,C62,C68",3,4.7uF,C_0805_2012Metric,"MLCC X5R/X7R, rated >=10V (3.3V rail)",
C41,1,4.7uF,C_0805_2012Metric,"MLCC X5R/X7R, rated >=6.3V (1.2V rail)",
J4,1,JTAG 2x05 2.54mm,PinHeader_2x05_P2.54mm_Vertical_SMD,exact part: JTAG 2x05 2.54mm,
U3,1,ADV7125KSTZ140,LQFP-48_7x7mm_P0.5mm,exact part: ADV7125KSTZ140,C9668
"C42,C70,C71,C72,C73",5,100nF,C_0402_1005Metric,"MLCC X5R/X7R, rated >=10V (3.3V rail)",
C43,1,100nF,C_0603_1608Metric,"MLCC C0G/NP0 preferred for <=10nF, else X7R; rated >=16V (signal: DAC_VREF)",
R10,1,536R 0.1%,R_0603_1608Metric,thin film 0.1% (precision),
"R11,R12,R13,R15,R16,R17",6,75R 0.1%,R_0603_1608Metric,thin film 0.1% (precision),
C47,1,10uF,C_0805_2012Metric,"MLCC X5R/X7R, rated >=10V (3.3V rail)",
"R14,R33,R34,R41,R42,R43",6,10k,R_0603_1608Metric,thick film 1% or better,
"J1,J2",2,33DSMT1-E15SNCT,DE15_Conec_33DSMT1-E15SNCT,exact part: 33DSMT1-E15SNCT,
C48,1,100nF,C_0603_1608Metric,"MLCC C0G/NP0 preferred for <=10nF, else X7R; rated >=16V (signal: RIN_1/R_IN)",
C49,1,100nF,C_0603_1608Metric,"MLCC C0G/NP0 preferred for <=10nF, else X7R; rated >=16V (signal: GIN_1/G_IN)",
C50,1,100nF,C_0603_1608Metric,"MLCC C0G/NP0 preferred for <=10nF, else X7R; rated >=16V (signal: BIN_1/B_IN)",
"R18,R20,R22,R23",4,33R,R_0603_1608Metric,thick film 1% or better,
"R19,R21,R35",3,100k,R_0603_1608Metric,thick film 1% or better,
"U4,U5",2,SN74LVC2G17DBVR,SOT-23-6,exact part: SN74LVC2G17DBVR,
U6,1,SN74LVC1G17DBVR,SOT-23-5,exact part: SN74LVC1G17DBVR,
"R24,R36",2,22R,R_0603_1608Metric,thick film 1% or better,
J3,1,TYPE-C-31-M-12,USB_C_Receptacle_HRO_TYPE-C-31-M-12,exact part: TYPE-C-31-M-12,C165948
"R25,R26",2,5.1k 1%,R_0603_1608Metric,1%,
F1,1,1A hold - select,Fuse_1206_3216Metric,exact part: 1A hold - select,
C54,1,10uF,C_0805_2012Metric,"MLCC X5R/X7R, rated >=16V (5V rail, DC-bias derating)",
"U7,U8,U9",3,TPS62160DSGR,WSON-8-1EP_2x2mm_P0.5mm_EP0.9x1.6mm,exact part: TPS62160DSGR,
"L1,L2,L3",3,2.2uH,L_TDK_VLS4012CX,exact part: VLS4012CX-2R2M-1,C7413169
R27,1,312k 0.1%,R_0603_1608Metric,thin film 0.1% (precision),
"R28,R30,R32",3,100k 0.1%,R_0603_1608Metric,thin film 0.1% (precision),
"C55,C57,C59",3,10uF 10V,C_0805_2012Metric,"MLCC X5R/X7R, rated >=16V (5V rail, DC-bias derating)",
C56,1,22uF 10V,C_0805_2012Metric,"MLCC X5R/X7R, rated >=10V (3.3V rail)",
R29,1,137k 0.1%,R_0603_1608Metric,thin film 0.1% (precision),
C58,1,22uF 10V,C_0805_2012Metric,"MLCC X5R/X7R, rated >=6.3V (1.9V rail)",
R31,1,49.9k 0.1%,R_0603_1608Metric,thin film 0.1% (precision),
C60,1,22uF 10V,C_0805_2012Metric,"MLCC X5R/X7R, rated >=6.3V (1.2V rail)",
Y1,1,27MHz ECS-3225MVLC,OSC_ECS-3225MVLC_3.2x2.5,exact part: ECS-3225MVLC-270-CN-TR,
"FB1,FB2,FB3,FB4",4,220R@100MHz,L_0603_1608Metric,exact part: 220R@100MHz,
"C64,C66",2,4.7uF,C_0805_2012Metric,"MLCC X5R/X7R, rated >=6.3V (1.9V rail)",
"R37,R38",2,2.2k,R_0402_1005Metric,thick film 1% or better,
"R39,R40",2,10k,R_0402_1005Metric,thick film 1% or better,
