Designators,Value,Footprint,Qty
"C1,C13,C14,C15,C16,C17,C18,C19,C20,C21,C22,C23,C24,C25,C26,C27,C28,C29,C30,C31,C32,C33,C34,C35,C36,C37,C38,C39,C43,C44,C45,C46,C48,C49,C50,C51,C52,C53,C61,C63,C65,C67,C69",100nF,C_0603_1608Metric,43
C2,4.7nF,C_0603_1608Metric,1
"C3,C9,C11",1nF,C_0603_1608Metric,3
"C4,C5,C6,C7,C8,C10,C12",10nF,C_0603_1608Metric,7
"C40,C41,C62,C64,C66,C68",4.7uF,C_0805_2012Metric,6
"C42,C70,C71,C72,C73",100nF,C_0402_1005Metric,5
"C47,C54",10uF,C_0805_2012Metric,2
"C55,C57,C59",10uF 10V,C_0805_2012Metric,3
"C56,C58,C60",22uF 10V,C_0805_2012Metric,3
F1,1A hold - select,Fuse_1206_3216Metric,1
"FB1,FB2,FB3,FB4",220R@100MHz,L_0603_1608Metric,4
"J1,J2",33DSMT1-E15SNCT,DE15_Conec_33DSMT1-E15SNCT,2
J4,JTAG 2x05 2.54mm,PinHeader_2x05_P2.54mm_Vertical_SMD,1
R1,1.5k,R_0603_1608Metric,1
"R2,R3,R4,R5,R6,R7,R8,R9,R44",4.7k,R_0603_1608Metric,9
R10,536R 0.1%,R_0603_1608Metric,1
"R11,R12,R13,R15,R16,R17",75R 0.1%,R_0603_1608Metric,6
"R14,R33,R34,R41,R42,R43",10k,R_0603_1608Metric,6
"R18,R20,R22,R23",33R,R_0603_1608Metric,4
"R19,R21,R35",100k,R_0603_1608Metric,3
"R24,R36",22R,R_0603_1608Metric,2
"R25,R26",5.1k 1%,R_0603_1608Metric,2
R27,312k 0.1%,R_0603_1608Metric,1
"R28,R30,R32",100k 0.1%,R_0603_1608Metric,3
R29,137k 0.1%,R_0603_1608Metric,1
R31,49.9k 0.1%,R_0603_1608Metric,1
"R37,R38",2.2k,R_0402_1005Metric,2
"R39,R40",10k,R_0402_1005Metric,2
"U4,U5",SN74LVC2G17DBVR,SOT-23-6,2
U6,SN74LVC1G17DBVR,SOT-23-5,1
"U7,U8,U9",TPS62160DSGR,WSON-8-1EP_2x2mm_P0.5mm_EP0.9x1.6mm,3
Y1,27MHz ECS-3225MVLC,OSC_ECS-3225MVLC_3.2x2.5,1
