Designators,Qty/board,Qty needed,Stock short,Low margin (<20x),Value,Footprint,LCSC,Library,MPN,Brand,Stock,Unit price USD (qty 5 boards),Rule,Alternatives
U1,1,5,YES,,TVP7002PZP,TQFP-100_TVP7002_14x14_P0.5_EP6.2,C3824085,extended,TVP7002PZP,Texas Instruments,4,8.897,manifest LCSC (verify),
"C1,C13,C14,C15,C16,C17,C18,C19,C20,C21,C22,C23,C24,C25,C26,C27,C28,C29,C30,C31,C32,C33,C34,C35,C36,C37,C38,C39,C43,C44,C45,C46,C48,C49,C50,C51,C52,C53,C61,C63,C65,C67,C69",43,215,,,100nF,C_0603_1608Metric,C14663,basic,CC0603KRX7R9BB104,YAGEO,55905122,0.0122,C 100nF >=16V X7R/X5R,"C286510(extended,12207825) / C1591(extended,2422136)"
R1,1,5,,,1.5k,R_0603_1608Metric,C22843,basic,0603WAF1501T5E,UNI-ROYAL(Uniroyal Elec),4841924,0.002,R 1.5k 1.0%,"C2930050(extended,7838417) / C114668(extended,926591)"
C2,1,5,,,4.7nF,C_0603_1608Metric,C576818,extended,CC0603JRNPO9BN472,YAGEO,300277,0.0308,C 4.7nF >=16V C0G/NP0,"C85980(extended,96024) / C695387(extended,7627)"
"C3,C9,C11",3,15,,,1nF,C_0603_1608Metric,C106246,extended,CC0603JRNPO9BN102,YAGEO,1957365,0.0053,C 1nF >=16V C0G/NP0,"C163508(extended,521157) / C309468(extended,488520)"
"C4,C5,C6,C7,C8,C10,C12",7,35,,,10nF,C_0603_1608Metric,C85973,extended,GRM1885C1H103JA01D,Murata Electronics,49256,0.0291,C 10nF >=16V C0G/NP0,"C76599(extended,12858) / C342796(extended,3250)"
U2,1,5,,,GW1N-LV4QN88C6/I5,QFN-88_GW1N4_10x10_P0.4_EP6.8,C31900351,extended,GW1N-LV4QN88C6/I5,GOWIN,112,15.7829,manifest LCSC (verify),
"R2,R3,R4,R5,R6,R7,R8,R9,R44",9,45,,,4.7k,R_0603_1608Metric,C23162,basic,0603WAF4701T5E,UNI-ROYAL(Uniroyal Elec),22738200,0.0028,R 4.7k 1.0%,"C99782(extended,9491131) / C116693(extended,3075756)"
"C40,C41,C62,C64,C66,C68",6,30,,,4.7uF,C_0805_2012Metric,C1779,basic,CL21A475KAQNNNE,Samsung Electro-Mechanics,2984663,0.0345,C 4.7uF >=10V X7R/X5R,"C354262(extended,581266) / C98192(extended,361739)"
J4,1,5,,,JTAG 2x05 2.54mm,PinHeader_2x05_P2.54mm_Vertical_SMD,C32713285,extended,HX PZ2.54-2x5P TP,hanxia,23000,0.093,SMD 2x5 2.54 vertical (footprint fit to be checked),"C55213916(extended,1202) / C42163083(extended,413)"
U3,1,5,,,ADV7125KSTZ140,LQFP-48_7x7mm_P0.5mm,C9668,extended,ADV7125KSTZ140,Analog Devices,255,12.69,manifest LCSC (verify),
"C42,C70,C71,C72,C73",5,25,,,100nF,C_0402_1005Metric,C1525,basic,CL05B104KO5NNNC,Samsung Electro-Mechanics,22945184,0.0045,C 100nF >=10V X7R/X5R,"C307331(basic,13117952) / C60474(extended,15318250)"
R10,1,5,,,536R 0.1%,R_0603_1608Metric,C861466,extended,RT0603BRD07536RL,YAGEO,1587,0.035,R 536R 0.1% 0.1% thin film,
"R11,R12,R13,R15,R16,R17",6,30,,,75R 0.1%,R_0603_1608Metric,C319466,extended,AR03BTCX0750,Viking Tech,20741,0.0366,R 75R 0.1% 0.1% thin film,"C394544(extended,16139) / C705794(extended,11558)"
"C47,C54",2,10,,,10uF,C_0805_2012Metric,C15850,basic,CL21A106KAYNNNE,Samsung Electro-Mechanics,5141651,0.065,C 10uF >=16V X7R/X5R,"C77075(extended,730795) / C318691(extended,440524)"
"R14,R33,R34,R41,R42,R43",6,30,,,10k,R_0603_1608Metric,C25804,basic,0603WAF1002T5E,UNI-ROYAL(Uniroyal Elec),21298587,0.0018,R 10k 1.0%,"C98220(extended,12453697) / C116677(extended,3509176)"
"J1,J2",2,10,YES,,33DSMT1-E15SNCT,DE15_Conec_33DSMT1-E15SNCT,C3146802,extended,33DSMT1-E15SNCT,Conec,0,8.0637,exact MPN,
"R18,R20,R22,R23",4,20,,,33R,R_0603_1608Metric,C23140,basic,0603WAF330JT5E,UNI-ROYAL(Uniroyal Elec),5677235,0.0025,R 33R 1.0%,"C2909394(extended,2671371) / C108661(extended,832024)"
"R19,R21,R35",3,15,,,100k,R_0603_1608Metric,C25803,basic,0603WAF1003T5E,UNI-ROYAL(Uniroyal Elec),22426136,0.0031,R 100k 1.0%,"C14675(extended,8664372) / C115320(extended,5941681)"
"U4,U5",2,10,,,SN74LVC2G17DBVR,SOT-23-6,C19829674,extended,SN74LVC2G17DBVR,TECH PUBLIC,57537,0.059,exact MPN,"C10429(extended,49962)"
U6,1,5,,,SN74LVC1G17DBVR,SOT-23-5,C7836,extended,SN74LVC1G17DBVR,Texas Instruments,62551,0.1678,exact MPN,"C19829662(extended,11967)"
"R24,R36",2,10,,,22R,R_0603_1608Metric,C23345,basic,0603WAF220JT5E,UNI-ROYAL(Uniroyal Elec),9241742,0.0017,R 22R 1.0%,"C2930077(extended,1564370) / C22356474(extended,401862)"
J3,1,5,,,TYPE-C-31-M-12,USB_C_Receptacle_HRO_TYPE-C-31-M-12,C165948,extended,TYPE-C-31-M-12,Korean Hroparts Elec,440774,0.1856,manifest LCSC (verify),
"R25,R26",2,10,,,5.1k 1%,R_0603_1608Metric,C23186,basic,0603WAF5101T5E,UNI-ROYAL(Uniroyal Elec),25569538,0.0015,R 5.1k 1% 1.0%,"C2907044(extended,6196237) / C105580(extended,6338523)"
F1,1,5,,,1A hold - select,Fuse_1206_3216Metric,C269119,extended,SMD1206B110TFT,Brightking,56711,0.0441,PTC 1206 hold 1.0-1.5A >=6V,"C21714343(extended,33787) / C48985884(extended,28416)"
"U7,U8,U9",3,15,,,TPS62160DSGR,WSON-8-1EP_2x2mm_P0.5mm_EP0.9x1.6mm,C324077,extended,TPS62160DSGR,Texas Instruments,12390,0.7018,exact MPN,
"L1,L2,L3",3,15,,yes,2.2uH,L_TDK_VLS4012CX,C7413169,extended,VLS4012CX-2R2M-1,TDK,135,0.1762,manifest LCSC (verify),
R27,1,5,,,312k 0.1%,R_0603_1608Metric,C861315,extended,RT0603BRD07312KL,YAGEO,4867,0.0407,R 312k 0.1% 0.1% thin film,
"R28,R30,R32",3,15,,,100k 0.1%,R_0603_1608Metric,C122538,extended,RT0603BRD07100KL,YAGEO,1293401,0.0321,R 100k 0.1% 0.1% thin film,"C326758(extended,226812) / C328419(extended,197634)"
"C55,C57,C59",3,15,,,10uF 10V,C_0805_2012Metric,C15850,basic,CL21A106KAYNNNE,Samsung Electro-Mechanics,5141651,0.065,C 10uF >=16V X7R/X5R,"C77075(extended,730795) / C318691(extended,440524)"
"C56,C58,C60",3,15,,,22uF 10V,C_0805_2012Metric,C45783,basic,CL21A226MAQNNNE,Samsung Electro-Mechanics,4064318,0.22,C 22uF >=10V X7R/X5R,"C98190(extended,969140) / C29277(extended,781990)"
R29,1,5,,,137k 0.1%,R_0603_1608Metric,C861114,extended,RT0603BRD07137KL,YAGEO,11590,0.0368,R 137k 0.1% 0.1% thin film,
R31,1,5,,,49.9k 0.1%,R_0603_1608Metric,C705780,extended,RT0603BRD0749K9L,YAGEO,194236,0.0411,R 49.9k 0.1% 0.1% thin film,"C55205306(extended,50000) / C860414(extended,15017)"
Y1,1,5,YES,,27MHz ECS-3225MVLC,OSC_ECS-3225MVLC_3.2x2.5,C17239793,extended,ECS-3225MVLC-270-CN-TR,ECS,4,1.3564,exact MPN,
"FB1,FB2,FB3,FB4",4,20,,,220R@100MHz,L_0603_1608Metric,C304314,extended,HCB1608KF-221T20,TAI-TECH,885980,0.0118,FB 220R@100MHz >=0.5A,"C76815(extended,588689) / C85827(extended,357777)"
"R37,R38",2,10,,,2.2k,R_0402_1005Metric,C25879,basic,0402WGF2201TCE,UNI-ROYAL(Uniroyal Elec),2334093,0.0053,R 2.2k 1.0%,"C22369570(extended,3333073) / C2906865(extended,1339681)"
"R39,R40",2,10,,,10k,R_0402_1005Metric,C25744,basic,0402WGF1002TCE,UNI-ROYAL(Uniroyal Elec),22263715,0.0034,R 10k 1.0%,"C60490(extended,9112841) / C144807(extended,2463697)"
